{"version": {"json_export": "185", "page_segmentation": "5", "schema": "1.1.0", "structure": "1.1022.0", "table_structure": "5"}, "extended_metadata": {"ID_instance": "2A 2B D1 26 23 B7 B2 11 0A 00 67 45 8B 6B C6 23 ", "ID_permanent": "45 39 20 35 41 20 43 45 20 32 36 20 32 33 20 42 37 20 42 32 20 31 31 20 30 41 20 30 30 20 36 37 20 34 35 20 38 42 20 36 42 20 43 36 20 32 33 20 ", "pdf_version": "1.6", "pdfa_compliance_level": "", "is_encrypted": false, "has_acroform": false, "is_digitally_signed": false, "pdfua_compliance_level": "", "page_count": 4, "has_embedded_files": false, "is_certified": false, "is_XFA": false, "language": "en"}, "elements": [{"Bounds": [450.0, 443.7037048339844, 623.0525970458984, 540.0], "ClipBounds": [450.0, 443.7037048339844, 623.0525970458984, 540.0], "HasClip": true, "Image": {"bits_per_component": 8, "colorspace": {"ICCProfile": {"CMM ID": "appl", "ColorSpace": "RGB ", "Colorspace": "RGB", "Creator": "appl", "Date": "2009/02/25 11:26:11", "Device Class": "mntr", "Flags": "0x0", "ICCVersion": "0x02200000", "Illuminant": "X=0.9642 Y=1.0000 Z=0.8249", "Magic": "acsp", "Manufacturer": "appl", "Model": "", "Name": "Generic RGB Profile", "NumComps": 3, "PCS": "XYZ ", "Platform": "APPL", "Rendering Intent": "Perceptual", "Size": "1960"}, "Name": "ICCBased"}, "data_length": 466578, "height": 294, "resolution_horizontal": 220.0949249267578, "resolution_vertical": 219.82154846191406, "width": 529}, "Page": 0, "Path": "//Document/Sect/Watermark"}, {"Bounds": [62.875, 471.6999969482422, 271.39117431640625, 508.96800231933594], "ClipBounds": [62.875, 471.6999969482422, 271.39117431640625, 508.96800231933594], "Font": {"alt_family_name": "Arial", "embedded": true, "encoding": "MacRomanEncoding", "family_name": "Arial MT", "font_type": "TrueType", "italic": false, "monospaced": false, "name": "FWJGPE+ArialMT", "subset": true, "weight": 400}, "HasClip": true, "Lang": "en", "Page": 0, "Path": "//Document/Sect[2]/H1", "Text": "Modes of Travel ", "TextSize": 28.0, "attributes": {"LineHeight": 33.625, "SpaceAfter": 18}}, {"Bounds": [212.73410034179688, 387.73199462890625, 502.15785217285156, 412.697998046875], "ClipBounds": [212.73410034179688, 387.73199462890625, 502.15785217285156, 412.697998046875], "Font": {"alt_family_name": "Arial", "embedded": true, "encoding": "MacRomanEncoding", "family_name": "Arial", "font_type": "TrueType", "italic": false, "monospaced": false, "name": "SQPLUX+Arial-BoldMT", "subset": true, "weight": 700}, "HasClip": true, "Lang": "en", "Page": 0, "Path": "//Document/Sect[2]/P", "Text": "Average Number of trips per year ", "TextSize": 18.0, "attributes": {"LineHeight": 21.625, "SpaceAfter": 18, "TextAlign": "Center"}}, {"Bounds": [78.81269836425781, 104.84989929199219, 621.3973693847656, 365.4775695800781], "ClipBounds": [78.81269836425781, 104.84989929199219, 621.3973693847656, 365.4775695800781], "Page": 0, "Path": "//Document/Sect[2]/Figure", "attributes": {"BBox": [78.83679999999731, 109.45799999999872, 617.4949999999953, 360.36699999999837], "Placement": "Block"}}, {"Bounds": [450.0, 443.7037048339844, 623.0525970458984, 540.0], "ClipBounds": [450.0, 443.7037048339844, 623.0525970458984, 540.0], "HasClip": true, "Image": {"bits_per_component": 8, "colorspace": {"ICCProfile": {"CMM ID": "appl", "ColorSpace": "RGB ", "Colorspace": "RGB", "Creator": "appl", "Date": "2009/02/25 11:26:11", "Device Class": "mntr", "Flags": "0x0", "ICCVersion": "0x02200000", "Illuminant": "X=0.9642 Y=1.0000 Z=0.8249", "Magic": "acsp", "Manufacturer": "appl", "Model": "", "Name": "Generic RGB Profile", "NumComps": 3, "PCS": "XYZ ", "Platform": "APPL", "Rendering Intent": "Perceptual", "Size": "1960"}, "Name": "ICCBased"}, "data_length": 466578, "height": 294, "resolution_horizontal": 220.0949249267578, "resolution_vertical": 219.82154846191406, "width": 529}, "Page": 1, "Path": "//Document/Sect[2]/Watermark"}, {"Bounds": [-0.25, 443.74989318847656, 720.25, 540.2498931884766], "ClipBounds": [-0.25, 443.74989318847656, 720.25, 540.2498931884766], "Page": 1, "Path": "//Document/Sect[2]/Figure[2]", "attributes": {"BBox": [0.0, 443.7639999999956, 719.9709999999905, 540.0], "Placement": "Block"}}, {"Bounds": [62.875, 471.6999969482422, 507.93511962890625, 508.96800231933594], "ClipBounds": [62.875, 471.6999969482422, 507.93511962890625, 508.96800231933594], "Font": {"alt_family_name": "Arial", "embedded": true, "encoding": "MacRomanEncoding", "family_name": "Arial MT", "font_type": "TrueType", "italic": false, "monospaced": false, "name": "FWJGPE+ArialMT", "subset": true, "weight": 400}, "HasClip": true, "Lang": "en", "Page": 1, "Path": "//Document/Sect[3]/H1", "Text": "Market Share in the Travel Industry ", "TextSize": 28.0, "attributes": {"LineHeight": 33.625, "SpaceAfter": 18}}, {"Bounds": [70.19999694824219, 300.54600524902344, 671.4358673095703, 410.50799560546875], "ClipBounds": [70.19999694824219, 300.54600524902344, 671.4358673095703, 410.50799560546875], "Font": {"alt_family_name": "Arial", "embedded": true, "encoding": "MacRomanEncoding", "family_name": "Arial MT", "font_type": "TrueType", "italic": false, "monospaced": false, "name": "FWJGPE+ArialMT", "subset": true, "weight": 400}, "HasClip": true, "Lang": "en", "Page": 1, "Path": "//Document/Sect[3]/P", "Text": "Our company\u2019s target market is the hip, urban professional, 20s to 30s, worldwide. They work hard and play hard, and like to contrast their working life with challenging outdoor travel adventures. They are environmentally aware and interested in making a difference. They have sophisticated tastes and humor, but are not frivolous in their lifestyles or purchases. ", "TextSize": 18.0}, {"Bounds": [70.19999694824219, 248.31199645996094, 257.25596618652344, 273.2779998779297], "ClipBounds": [70.19999694824219, 248.31199645996094, 257.25596618652344, 273.2779998779297], "Font": {"alt_family_name": "Arial", "embedded": true, "encoding": "MacRomanEncoding", "family_name": "Arial", "font_type": "TrueType", "italic": false, "monospaced": false, "name": "SQPLUX+Arial-BoldMT", "subset": true, "weight": 700}, "HasClip": true, "Lang": "en", "Page": 1, "Path": "//Document/Sect[3]/Sect/H2", "Text": "Competitive Analysis ", "TextSize": 18.0, "attributes": {"SpaceAfter": 4.25}}, {"Bounds": [70.19999694824219, 114.56399536132812, 662.4721221923828, 247.18800354003906], "ClipBounds": [70.19999694824219, 114.56399536132812, 662.4721221923828, 247.18800354003906], "Font": {"alt_family_name": "Arial", "embedded": true, "encoding": "MacRomanEncoding", "family_name": "Arial MT", "font_type": "TrueType", "italic": false, "monospaced": false, "name": "FWJGPE+ArialMT", "subset": true, "weight": 400}, "HasClip": true, "Lang": "en", "Page": 1, "Path": "//Document/Sect[3]/Sect/P", "Text": "Our company\u2019s market share in the travel industry has been steadily increasing since the introduction of our company in 2011, and currently hovers around approximately 15% of US sales, 10% of European sales, and 7% of Asian sales. We do believe, however, that increased marketing efforts are needed to maintain this growth, due to ever-increasing competition from other travel brands. ", "TextSize": 18.0, "attributes": {"SpaceAfter": 18}}, {"Bounds": [450.0, 443.7037048339844, 623.0525970458984, 540.0], "ClipBounds": [450.0, 443.7037048339844, 623.0525970458984, 540.0], "HasClip": true, "Image": {"bits_per_component": 8, "colorspace": {"ICCProfile": {"CMM ID": "appl", "ColorSpace": "RGB ", "Colorspace": "RGB", "Creator": "appl", "Date": "2009/02/25 11:26:11", "Device Class": "mntr", "Flags": "0x0", "ICCVersion": "0x02200000", "Illuminant": "X=0.9642 Y=1.0000 Z=0.8249", "Magic": "acsp", "Manufacturer": "appl", "Model": "", "Name": "Generic RGB Profile", "NumComps": 3, "PCS": "XYZ ", "Platform": "APPL", "Rendering Intent": "Perceptual", "Size": "1960"}, "Name": "ICCBased"}, "data_length": 466578, "height": 294, "resolution_horizontal": 220.0949249267578, "resolution_vertical": 219.82154846191406, "width": 529}, "Page": 2, "Path": "//Document/Sect[3]/Sect/Watermark"}, {"Bounds": [62.875, 471.6999969482422, 332.06695556640625, 508.96800231933594], "ClipBounds": [62.875, 471.6999969482422, 332.06695556640625, 508.96800231933594], "Font": {"alt_family_name": "Arial", "embedded": true, "encoding": "MacRomanEncoding", "family_name": "Arial MT", "font_type": "TrueType", "italic": false, "monospaced": false, "name": "FWJGPE+ArialMT", "subset": true, "weight": 400}, "HasClip": true, "Lang": "en", "Page": 2, "Path": "//Document/Sect[4]/H1", "Text": "Travel Industry Facts ", "TextSize": 28.0, "attributes": {"LineHeight": 33.625, "SpaceAfter": 18}}, {"Bounds": [70.19999694824219, 385.8999938964844, 82.76011657714844, 412.52000427246094], "ClipBounds": [70.19999694824219, 385.8999938964844, 82.76011657714844, 412.52000427246094], "Font": {"alt_family_name": "Arial", "embedded": true, "encoding": "MacRomanEncoding", "family_name": "Arial MT", "font_type": "TrueType", "italic": false, "monospaced": false, "name": "FWJGPE+ArialMT", "subset": true, "weight": 400}, "HasClip": true, "Page": 2, "Path": "//Document/Sect[4]/L/LI/Lbl", "Text": "\u2022 ", "TextSize": 20.0}, {"Bounds": [87.21000671386719, 364.8999938964844, 632.6500091552734, 412.52000427246094], "ClipBounds": [87.21000671386719, 364.8999938964844, 632.6500091552734, 412.52000427246094], "Font": {"alt_family_name": "Arial", "embedded": true, "encoding": "MacRomanEncoding", "family_name": "Arial MT", "font_type": "TrueType", "italic": false, "monospaced": false, "name": "FWJGPE+ArialMT", "subset": true, "weight": 400}, "HasClip": true, "Page": 2, "Path": "//Document/Sect[4]/L/LI/LBody", "Text": "The average person is spending more money on travel in the past 5 years than ever before ", "TextSize": 20.0}, {"Bounds": [70.19999694824219, 312.1000061035156, 82.76011657714844, 338.7200012207031], "ClipBounds": [70.19999694824219, 312.1000061035156, 82.76011657714844, 338.7200012207031], "Font": {"alt_family_name": "Arial", "embedded": true, "encoding": "MacRomanEncoding", "family_name": "Arial MT", "font_type": "TrueType", "italic": false, "monospaced": false, "name": "FWJGPE+ArialMT", "subset": true, "weight": 400}, "HasClip": true, "Page": 2, "Path": "//Document/Sect[4]/L/LI[2]/Lbl", "Text": "\u2022 ", "TextSize": 20.0}, {"Bounds": [87.21000671386719, 290.8999938964844, 670.4298553466797, 338.7200012207031], "ClipBounds": [87.21000671386719, 290.8999938964844, 670.4298553466797, 338.7200012207031], "Font": {"alt_family_name": "Arial", "embedded": true, "encoding": "MacRomanEncoding", "family_name": "Arial MT", "font_type": "TrueType", "italic": false, "monospaced": false, "name": "FWJGPE+ArialMT", "subset": true, "weight": 400}, "HasClip": true, "Page": 2, "Path": "//Document/Sect[4]/L/LI[2]/LBody", "Text": "Slightly under one-third of travelers visited European destinations in 2013 ", "TextSize": 20.0}, {"Bounds": [70.19999694824219, 237.10000610351562, 82.76011657714844, 263.7200012207031], "ClipBounds": [70.19999694824219, 237.10000610351562, 82.76011657714844, 263.7200012207031], "Font": {"alt_family_name": "Arial", "embedded": true, "encoding": "MacRomanEncoding", "family_name": "Arial MT", "font_type": "TrueType", "italic": false, "monospaced": false, "name": "FWJGPE+ArialMT", "subset": true, "weight": 400}, "HasClip": true, "Page": 2, "Path": "//Document/Sect[4]/L/LI[3]/Lbl", "Text": "\u2022 ", "TextSize": 20.0}, {"Bounds": [87.21000671386719, 215.89999389648438, 668.1498870849609, 263.7200012207031], "ClipBounds": [87.21000671386719, 215.89999389648438, 668.1498870849609, 263.7200012207031], "Font": {"alt_family_name": "Arial", "embedded": true, "encoding": "MacRomanEncoding", "family_name": "Arial MT", "font_type": "TrueType", "italic": false, "monospaced": false, "name": "FWJGPE+ArialMT", "subset": true, "weight": 400}, "HasClip": true, "Page": 2, "Path": "//Document/Sect[4]/L/LI[3]/LBody", "Text": "Travel by rail & train saw its highest levels in the last 5 years with around 12,000 trips per year from 2009-2013. ", "TextSize": 20.0}, {"Bounds": [450.0, 443.7037048339844, 623.0525970458984, 540.0], "ClipBounds": [450.0, 443.7037048339844, 623.0525970458984, 540.0], "HasClip": true, "Image": {"bits_per_component": 8, "colorspace": {"ICCProfile": {"CMM ID": "appl", "ColorSpace": "RGB ", "Colorspace": "RGB", "Creator": "appl", "Date": "2009/02/25 11:26:11", "Device Class": "mntr", "Flags": "0x0", "ICCVersion": "0x02200000", "Illuminant": "X=0.9642 Y=1.0000 Z=0.8249", "Magic": "acsp", "Manufacturer": "appl", "Model": "", "Name": "Generic RGB Profile", "NumComps": 3, "PCS": "XYZ ", "Platform": "APPL", "Rendering Intent": "Perceptual", "Size": "1960"}, "Name": "ICCBased"}, "data_length": 466578, "height": 294, "resolution_horizontal": 220.0949249267578, "resolution_vertical": 219.82154846191406, "width": 529}, "Page": 3, "Path": "//Document/Sect[4]/Watermark"}, {"Bounds": [62.875, 471.6999969482422, 209.14697265625, 508.96800231933594], "ClipBounds": [62.875, 471.6999969482422, 209.14697265625, 508.96800231933594], "Font": {"alt_family_name": "Arial", "embedded": true, "encoding": "MacRomanEncoding", "family_name": "Arial MT", "font_type": "TrueType", "italic": false, "monospaced": false, "name": "FWJGPE+ArialMT", "subset": true, "weight": 400}, "HasClip": true, "Lang": "en", "Page": 3, "Path": "//Document/Sect[5]/H1", "Text": "Conclusion ", "TextSize": 28.0, "attributes": {"LineHeight": 33.625, "SpaceAfter": 18}}, {"Bounds": [207.75660705566406, 378.6000061035156, 537.2765045166016, 410.54400634765625], "ClipBounds": [207.75660705566406, 378.6000061035156, 537.2765045166016, 410.54400634765625], "Font": {"alt_family_name": "Arial", "embedded": true, "encoding": "MacRomanEncoding", "family_name": "Arial MT", "font_type": "TrueType", "italic": false, "monospaced": false, "name": "FWJGPE+ArialMT", "subset": true, "weight": 400}, "HasClip": true, "Lang": "en", "Page": 3, "Path": "//Document/Sect[6]/H1", "Text": "European growth trends: 2014 ", "TextSize": 24.0, "attributes": {"LineHeight": 28.75, "SpaceAfter": 4.5, "TextAlign": "Center"}}, {"Bounds": [70.19999694824219, 326.8999938964844, 664.8600311279297, 377.7200012207031], "ClipBounds": [70.19999694824219, 326.8999938964844, 664.8600311279297, 377.7200012207031], "Font": {"alt_family_name": "Arial", "embedded": true, "encoding": "MacRomanEncoding", "family_name": "Arial MT", "font_type": "TrueType", "italic": false, "monospaced": false, "name": "FWJGPE+ArialMT", "subset": true, "weight": 400}, "HasClip": true, "Lang": "en", "Page": 3, "Path": "//Document/Sect[6]/P", "Text": "Europe was a very popular travel destination and reported double digit growth in visitors from China, India and United Arab Emirates. ", "TextSize": 20.0}, {"Bounds": [70.19999694824219, 273.8999938964844, 671.5598602294922, 324.7200012207031], "ClipBounds": [70.19999694824219, 273.8999938964844, 671.5598602294922, 324.7200012207031], "Font": {"alt_family_name": "Arial", "embedded": true, "encoding": "MacRomanEncoding", "family_name": "Arial MT", "font_type": "TrueType", "italic": false, "monospaced": false, "name": "FWJGPE+ArialMT", "subset": true, "weight": 400}, "HasClip": true, "Lang": "en", "Page": 3, "Path": "//Document/Sect[6]/P[2]", "Text": "Overall in the first 8 months of 2014 the number of tourist arrivals in Europe rose to 413million, an increase of 4.2% ", "TextSize": 20.0, "attributes": {"SpaceAfter": 4.625}}, {"Bounds": [70.19999694824219, 196.89999389648438, 630.4801483154297, 271.7200012207031], "ClipBounds": [70.19999694824219, 196.89999389648438, 630.4801483154297, 271.7200012207031], "Font": {"alt_family_name": "Arial", "embedded": true, "encoding": "MacRomanEncoding", "family_name": "Arial MT", "font_type": "TrueType", "italic": false, "monospaced": false, "name": "FWJGPE+ArialMT", "subset": true, "weight": 400}, "HasClip": true, "Lang": "en", "Page": 3, "Path": "//Document/Sect[6]/P[3]", "Text": "Spain, France and Italy recorded the highest amounts of international travel receipts over the course of 2014 (56B, 52B, 38.5B respectively) ", "TextSize": 20.0, "attributes": {"SpaceAfter": 4.625}}, {"Bounds": [70.19999694824219, 174.36000061035156, 80.24809265136719, 195.656005859375], "ClipBounds": [70.19999694824219, 174.36000061035156, 80.24809265136719, 195.656005859375], "Font": {"alt_family_name": "Arial", "embedded": true, "encoding": "MacRomanEncoding", "family_name": "Arial MT", "font_type": "TrueType", "italic": false, "monospaced": false, "name": "FWJGPE+ArialMT", "subset": true, "weight": 400}, "HasClip": true, "Page": 3, "Path": "//Document/Sect[6]/L/LI/Lbl", "Text": "\u2022 ", "TextSize": 16.0}, {"Bounds": [87.94999694824219, 174.36000061035156, 523.7100067138672, 195.656005859375], "ClipBounds": [87.94999694824219, 174.36000061035156, 523.7100067138672, 195.656005859375], "Font": {"alt_family_name": "Arial", "embedded": true, "encoding": "MacRomanEncoding", "family_name": "Arial MT", "font_type": "TrueType", "italic": false, "monospaced": false, "name": "FWJGPE+ArialMT", "subset": true, "weight": 400}, "HasClip": true, "Page": 3, "Path": "//Document/Sect[6]/L/LI/LBody", "Text": "The number of foreign trips rose by 3% as compared to 2013 ", "TextSize": 16.0}, {"Bounds": [70.19999694824219, 151.36000061035156, 80.24809265136719, 172.656005859375], "ClipBounds": [70.19999694824219, 151.36000061035156, 80.24809265136719, 172.656005859375], "Font": {"alt_family_name": "Arial", "embedded": true, "encoding": "MacRomanEncoding", "family_name": "Arial MT", "font_type": "TrueType", "italic": false, "monospaced": false, "name": "FWJGPE+ArialMT", "subset": true, "weight": 400}, "HasClip": true, "Page": 3, "Path": "//Document/Sect[6]/L/LI[2]/Lbl", "Text": "\u2022 ", "TextSize": 16.0}, {"Bounds": [87.94999694824219, 151.36000061035156, 345.8540496826172, 172.656005859375], "ClipBounds": [87.94999694824219, 151.36000061035156, 345.8540496826172, 172.656005859375], "Font": {"alt_family_name": "Arial", "embedded": true, "encoding": "MacRomanEncoding", "family_name": "Arial MT", "font_type": "TrueType", "italic": false, "monospaced": false, "name": "FWJGPE+ArialMT", "subset": true, "weight": 400}, "HasClip": true, "Page": 3, "Path": "//Document/Sect[6]/L/LI[2]/LBody", "Text": "Spending per overnight grew by 4% ", "TextSize": 16.0}, {"Bounds": [70.19999694824219, 128.36000061035156, 80.24809265136719, 149.656005859375], "ClipBounds": [70.19999694824219, 128.36000061035156, 80.24809265136719, 149.656005859375], "Font": {"alt_family_name": "Arial", "embedded": true, "encoding": "MacRomanEncoding", "family_name": "Arial MT", "font_type": "TrueType", "italic": false, "monospaced": false, "name": "FWJGPE+ArialMT", "subset": true, "weight": 400}, "HasClip": true, "Page": 3, "Path": "//Document/Sect[6]/L/LI[3]/Lbl", "Text": "\u2022 ", "TextSize": 16.0}, {"Bounds": [87.94999694824219, 128.36000061035156, 285.3740692138672, 149.656005859375], "ClipBounds": [87.94999694824219, 128.36000061035156, 285.3740692138672, 149.656005859375], "Font": {"alt_family_name": "Arial", "embedded": true, "encoding": "MacRomanEncoding", "family_name": "Arial MT", "font_type": "TrueType", "italic": false, "monospaced": false, "name": "FWJGPE+ArialMT", "subset": true, "weight": 400}, "HasClip": true, "Page": 3, "Path": "//Document/Sect[6]/L/LI[3]/LBody", "Text": "Booking online grew by 7% ", "TextSize": 16.0}, {"Bounds": [70.19999694824219, 105.36000061035156, 80.24809265136719, 126.656005859375], "ClipBounds": [70.19999694824219, 105.36000061035156, 80.24809265136719, 126.656005859375], "Font": {"alt_family_name": "Arial", "embedded": true, "encoding": "MacRomanEncoding", "family_name": "Arial MT", "font_type": "TrueType", "italic": false, "monospaced": false, "name": "FWJGPE+ArialMT", "subset": true, "weight": 400}, "HasClip": true, "Page": 3, "Path": "//Document/Sect[6]/L/LI[4]/Lbl", "Text": "\u2022 ", "TextSize": 16.0}, {"Bounds": [87.197998046875, 86.20799255371094, 659.7419891357422, 126.656005859375], "ClipBounds": [87.197998046875, 86.20799255371094, 659.7419891357422, 126.656005859375], "Font": {"alt_family_name": "Arial", "embedded": true, "encoding": "MacRomanEncoding", "family_name": "Arial MT", "font_type": "TrueType", "italic": false, "monospaced": false, "name": "FWJGPE+ArialMT", "subset": true, "weight": 400}, "HasClip": true, "Page": 3, "Path": "//Document/Sect[6]/L/LI[4]/LBody", "Text": "Substantial increase in trips to Switzerland (+ 7%), Denmark and Poland (+6.7% each), Sweden, UK and Spain (+ 5% each). ", "TextSize": 16.0}], "pages": [{"boxes": {"CropBox": [0.0, 0.0, 720.0, 540.0], "MediaBox": [0.0, 0.0, 720.0, 540.0]}, "height": 540.0, "is_scanned": false, "page_number": 0, "rotation": 0, "width": 720.0}, {"boxes": {"CropBox": [0.0, 0.0, 720.0, 540.0], "MediaBox": [0.0, 0.0, 720.0, 540.0]}, "height": 540.0, "is_scanned": false, "page_number": 1, "rotation": 0, "width": 720.0}, {"boxes": {"CropBox": [0.0, 0.0, 720.0, 540.0], "MediaBox": [0.0, 0.0, 720.0, 540.0]}, "height": 540.0, "is_scanned": false, "page_number": 2, "rotation": 0, "width": 720.0}, {"boxes": {"CropBox": [0.0, 0.0, 720.0, 540.0], "MediaBox": [0.0, 0.0, 720.0, 540.0]}, "height": 540.0, "is_scanned": false, "page_number": 3, "rotation": 0, "width": 720.0}]}