{"version": {"json_export": "185", "page_segmentation": "5", "schema": "1.1.0", "structure": "1.1022.0", "table_structure": "5"}, "extended_metadata": {"ID_instance": "8F 00 CF 26 23 B7 B2 11 0A 00 67 45 8B 6B C6 23 ", "ID_permanent": "43 35 20 42 46 20 43 43 20 32 36 20 32 33 20 42 37 20 42 32 20 31 31 20 30 41 20 30 30 20 36 37 20 34 35 20 38 42 20 36 42 20 43 36 20 32 33 20 ", "pdf_version": "1.6", "pdfa_compliance_level": "", "is_encrypted": false, "has_acroform": false, "is_digitally_signed": false, "pdfua_compliance_level": "", "page_count": 4, "has_embedded_files": false, "is_certified": false, "is_XFA": false, "language": "en"}, "elements": [{"Bounds": [144.0, 649.3200073242188, 472.0865783691406, 681.2640075683594], "ClipBounds": [144.0, 649.3200073242188, 472.0865783691406, 681.2640075683594], "Font": {"alt_family_name": "Arial", "embedded": true, "encoding": "MacRomanEncoding", "family_name": "Arial MT", "font_type": "TrueType", "italic": false, "monospaced": false, "name": "TRKQGS+ArialMT", "subset": true, "weight": 400}, "HasClip": true, "Lang": "en", "Page": 0, "Path": "//Document/Sect/Title", "Text": "MARKET SUMMARY & PLAN ", "TextSize": 24.0, "attributes": {"LineHeight": 28.75}}, {"Bounds": [144.0, 634.1159973144531, 305.0891876220703, 652.6435241699219], "ClipBounds": [144.0, 634.1159973144531, 305.0891876220703, 652.6435241699219], "Font": {"alt_family_name": "Arial", "embedded": true, "encoding": "MacRomanEncoding", "family_name": "Arial MT", "font_type": "TrueType", "italic": false, "monospaced": false, "name": "TRKQGS+ArialMT", "subset": true, "weight": 400}, "HasClip": true, "Lang": "en", "Page": 0, "Path": "//Document/Sect[2]/H1", "Text": "Industry Marketing Vision ", "TextSize": 13.919998168945312, "attributes": {"LineHeight": 16.75}}, {"Bounds": [144.0, 606.5279998779297, 261.39727783203125, 623.1719970703125], "ClipBounds": [144.0, 606.5279998779297, 261.39727783203125, 623.1719970703125], "Font": {"alt_family_name": "Arial", "embedded": true, "encoding": "MacRomanEncoding", "family_name": "Arial", "font_type": "TrueType", "italic": false, "monospaced": false, "name": "SNOCBW+Arial-BoldMT", "subset": true, "weight": 700}, "HasClip": true, "Lang": "en", "Page": 0, "Path": "//Document/Sect[3]/H1", "Text": "Executive Summary ", "TextSize": 12.0}, {"Bounds": [144.0, 524.3399963378906, 542.2320556640625, 609.1920013427734], "ClipBounds": [144.0, 524.3399963378906, 542.2320556640625, 609.1920013427734], "Font": {"alt_family_name": "Arial", "embedded": true, "encoding": "MacRomanEncoding", "family_name": "Arial MT", "font_type": "TrueType", "italic": false, "monospaced": false, "name": "TRKQGS+ArialMT", "subset": true, "weight": 400}, "HasClip": true, "Lang": "en", "Page": 0, "Path": "//Document/Sect[3]/P", "Text": "Our new marketing plan, outlined in this document, focuses on renewing both our relevance and appeal to our key targets through the integration of our environmental story. We are responding directly to our customers needs in this initiative\u2014they have noted in both our company-conducted and independent research that our organization\u2019s green values are becoming increasingly relevant to their purchase decisions. ", "TextSize": 12.0}, {"Bounds": [144.0, 427.6199951171875, 534.1680908203125, 512.7120056152344], "ClipBounds": [144.0, 427.6199951171875, 534.1680908203125, 512.7120056152344], "Font": {"alt_family_name": "Arial", "embedded": true, "encoding": "MacRomanEncoding", "family_name": "Arial MT", "font_type": "TrueType", "italic": false, "monospaced": false, "name": "TRKQGS+ArialMT", "subset": true, "weight": 400}, "HasClip": true, "Lang": "en", "Page": 0, "Path": "//Document/Sect[3]/P[2]", "Text": "In the crowded travel marketplace, we can differentiate our company through the quality and sustainability of our adventure options and the responsible manner in which our trips are created and brought to market. Our marketing challenge is to present our adventure travel story to new and existing customers in an efficient and targeted campaign that raises our ROI through increased sales. ", "TextSize": 12.0}, {"Bounds": [144.0, 399.4080047607422, 208.02008056640625, 416.052001953125], "ClipBounds": [144.0, 399.4080047607422, 208.02008056640625, 416.052001953125], "Font": {"alt_family_name": "Arial", "embedded": true, "encoding": "MacRomanEncoding", "family_name": "Arial", "font_type": "TrueType", "italic": false, "monospaced": false, "name": "SNOCBW+Arial-BoldMT", "subset": true, "weight": 700}, "HasClip": true, "Lang": "en", "Page": 0, "Path": "//Document/Sect[4]/H1", "Text": "Our Vision ", "TextSize": 12.0}, {"Bounds": [144.0, 275.94000244140625, 524.2201385498047, 402.31199645996094], "ClipBounds": [144.0, 275.94000244140625, 524.2201385498047, 402.31199645996094], "Font": {"alt_family_name": "Arial", "embedded": true, "encoding": "MacRomanEncoding", "family_name": "Arial MT", "font_type": "TrueType", "italic": false, "monospaced": false, "name": "TRKQGS+ArialMT", "subset": true, "weight": 400}, "HasClip": true, "Lang": "en", "Page": 0, "Path": "//Document/Sect[4]/P", "Text": "The company vision is to produce the highest quality travel experience available in ways that won\u2019t harm the Earth. Since our start in 2006, we have led the way for our industry in our agreements with engineers, stringent standards for our raw materials, and our corporate policies on recycling and conservation. We\u2019ve now applied the very same green philosophy to our Southern California Facility & Headquarters. This serves as a tangible example of the organization\u2019s environmental commitment and demonstrates the value of green building to its customers, shareholders and business leaders worldwide. ", "TextSize": 12.0}, {"Bounds": [144.0, 193.13999938964844, 516.8258514404297, 264.31199645996094], "ClipBounds": [144.0, 193.13999938964844, 516.8258514404297, 264.31199645996094], "Font": {"alt_family_name": "Arial", "embedded": true, "encoding": "MacRomanEncoding", "family_name": "Arial MT", "font_type": "TrueType", "italic": false, "monospaced": false, "name": "TRKQGS+ArialMT", "subset": true, "weight": 400}, "HasClip": true, "Lang": "en", "Page": 0, "Path": "//Document/Sect[4]/P[2]", "Text": "We want our customers to feel good about where they travel. We\u2019ve worked to minimize the downside of our consumer culture: emissions, environmentally irresponsible business practices, and lower quality experiences in the market. Our company ethics are to do good for the people travelling with us. ", "TextSize": 12.0, "attributes": {"SpaceAfter": 18}}, {"Bounds": [144.0, 646.3679962158203, 226.027587890625, 663.0119934082031], "ClipBounds": [144.0, 646.3679962158203, 226.027587890625, 663.0119934082031], "Font": {"alt_family_name": "Arial", "embedded": true, "encoding": "MacRomanEncoding", "family_name": "Arial", "font_type": "TrueType", "italic": false, "monospaced": false, "name": "SNOCBW+Arial-BoldMT", "subset": true, "weight": 700}, "HasClip": true, "Lang": "en", "Page": 1, "Path": "//Document/Sect[5]/H1", "Text": "Target Market ", "TextSize": 12.0}, {"Bounds": [144.0, 577.8600006103516, 551.5539245605469, 649.0319976806641], "ClipBounds": [144.0, 577.8600006103516, 551.5539245605469, 649.0319976806641], "Font": {"alt_family_name": "Arial", "embedded": true, "encoding": "MacRomanEncoding", "family_name": "Arial MT", "font_type": "TrueType", "italic": false, "monospaced": false, "name": "TRKQGS+ArialMT", "subset": true, "weight": 400}, "HasClip": true, "Lang": "en", "Page": 1, "Path": "//Document/Sect[5]/P", "Text": "Our company\u2019s target market is the hip, urban professional, 20s to 30s, worldwide. They work hard and play hard, and like to contrast their working life with challenging outdoor travel adventures. They are environmentally aware and interested in making a difference. They have sophisticated tastes and humor, but are not frivolous in their lifestyles or purchases. ", "TextSize": 12.0}, {"Bounds": [144.0, 549.6479949951172, 268.7327880859375, 566.2920074462891], "ClipBounds": [144.0, 549.6479949951172, 268.7327880859375, 566.2920074462891], "Font": {"alt_family_name": "Arial", "embedded": true, "encoding": "MacRomanEncoding", "family_name": "Arial", "font_type": "TrueType", "italic": false, "monospaced": false, "name": "SNOCBW+Arial-BoldMT", "subset": true, "weight": 700}, "HasClip": true, "Lang": "en", "Page": 1, "Path": "//Document/Sect[6]/H1", "Text": "Competitive Analysis ", "TextSize": 12.0}, {"Bounds": [144.0, 467.4600067138672, 552.1799926757812, 552.552001953125], "ClipBounds": [144.0, 467.4600067138672, 552.1799926757812, 552.552001953125], "Font": {"alt_family_name": "Arial", "embedded": true, "encoding": "MacRomanEncoding", "family_name": "Arial MT", "font_type": "TrueType", "italic": false, "monospaced": false, "name": "TRKQGS+ArialMT", "subset": true, "weight": 400}, "HasClip": true, "Lang": "en", "Page": 1, "Path": "//Document/Sect[6]/P", "Text": "Our company\u2019s market share in the travel industry has been steadily increasing since the introduction of our company in 2011, and currently hovers around approximately 15% of US sales, 10% of European sales, and 7% of Asian sales. We do believe, however, that increased marketing efforts are needed to maintain this growth, due to ever-increasing competition from other travel brands. ", "TextSize": 12.0, "attributes": {"SpaceAfter": 18}}, {"Bounds": [168.1790008544922, 421.3946075439453, 246.91258239746094, 434.1549987792969], "ClipBounds": [168.1790008544922, 421.3946075439453, 246.91258239746094, 434.1549987792969], "Font": {"alt_family_name": "Arial", "embedded": true, "encoding": "MacRomanEncoding", "family_name": "Arial", "font_type": "TrueType", "italic": false, "monospaced": false, "name": "SNOCBW+Arial-BoldMT", "subset": true, "weight": 700}, "HasClip": true, "Lang": "en", "Page": 1, "Path": "//Document/Sect[6]/P[2]", "Text": "Market Share: US ", "TextSize": 9.199996948242188, "attributes": {"LineHeight": 11, "SpaceAfter": 18}}, {"Bounds": [166.12770080566406, 324.8424987792969, 302.30531311035156, 402.8076934814453], "ClipBounds": [166.12770080566406, 324.8424987792969, 302.30531311035156, 402.8076934814453], "Page": 1, "Path": "//Document/Sect[6]/Figure", "attributes": {"BBox": [171.2329999999929, 327.6189999999915, 300.22799999998824, 402.61599999999453], "Placement": "Block"}}, {"Bounds": [351.89280700683594, 424.25059509277344, 436.2740936279297, 435.2772521972656], "ClipBounds": [351.89280700683594, 424.25059509277344, 436.2740936279297, 435.2772521972656], "Font": {"alt_family_name": "Arial", "embedded": true, "encoding": "MacRomanEncoding", "family_name": "Arial", "font_type": "TrueType", "italic": false, "monospaced": false, "name": "SNOCBW+Arial-BoldMT", "subset": true, "weight": 700}, "HasClip": true, "Lang": "en", "Page": 1, "Path": "//Document/Sect[6]/P[3]", "Text": "Market Share: Europe ", "TextSize": 7.9499969482421875, "attributes": {"LineHeight": 9.5, "SpaceAfter": 16.75}}, {"Bounds": [343.56109619140625, 324.8387908935547, 479.80531311035156, 414.41529846191406], "ClipBounds": [343.56109619140625, 324.8387908935547, 479.80531311035156, 414.41529846191406], "Page": 1, "Path": "//Document/Sect[6]/Figure[2]", "attributes": {"BBox": [348.70599999999104, 327.85899999999674, 477.7009999999864, 412.69499999999243], "Placement": "Block"}}, {"Bounds": [165.1533966064453, 278.2447967529297, 250.1954345703125, 291.0052032470703], "ClipBounds": [165.1533966064453, 278.2447967529297, 250.1954345703125, 291.0052032470703], "Font": {"alt_family_name": "Arial", "embedded": true, "encoding": "MacRomanEncoding", "family_name": "Arial", "font_type": "TrueType", "italic": false, "monospaced": false, "name": "SNOCBW+Arial-BoldMT", "subset": true, "weight": 700}, "HasClip": true, "Lang": "en", "Page": 1, "Path": "//Document/Sect[6]/P[4]", "Text": "Market Share: Asia ", "TextSize": 9.199996948242188, "attributes": {"LineHeight": 11}}, {"Bounds": [165.8975067138672, 181.46250915527344, 302.30531311035156, 271.2655029296875], "ClipBounds": [165.8975067138672, 181.46250915527344, 302.30531311035156, 271.2655029296875], "Page": 1, "Path": "//Document/Sect[6]/Figure[3]", "attributes": {"BBox": [171.2329999999929, 184.58499999999913, 300.22799999998824, 269.54099999999744], "Placement": "Block"}}, {"Bounds": [144.0, 646.3679962158203, 268.05718994140625, 663.0119934082031], "ClipBounds": [144.0, 646.3679962158203, 268.05718994140625, 663.0119934082031], "Font": {"alt_family_name": "Arial", "embedded": true, "encoding": "MacRomanEncoding", "family_name": "Arial", "font_type": "TrueType", "italic": false, "monospaced": false, "name": "SNOCBW+Arial-BoldMT", "subset": true, "weight": 700}, "HasClip": true, "Lang": "en", "Page": 2, "Path": "//Document/Sect[7]/H1", "Text": "Marketing Objectives ", "TextSize": 12.0}, {"Bounds": [143.9980010986328, 633.0599975585938, 157.0131378173828, 649.0319976806641], "Font": {"alt_family_name": "Arial", "embedded": true, "encoding": "Identity-H", "family_name": "Arial MT", "font_type": "CIDFontType2", "italic": false, "monospaced": false, "name": "VGTFMF+ArialMT", "subset": true, "weight": 400}, "HasClip": false, "Page": 2, "Path": "//Document/Sect[7]/L/LI/Lbl", "Text": "1. ", "TextSize": 12.0}, {"Bounds": [157.4980010986328, 633.0599975585938, 496.3179473876953, 649.0319976806641], "Font": {"alt_family_name": "Arial", "embedded": true, "encoding": "MacRomanEncoding", "family_name": "Arial MT", "font_type": "TrueType", "italic": false, "monospaced": false, "name": "TRKQGS+ArialMT", "subset": true, "weight": 400}, "HasClip": false, "Page": 2, "Path": "//Document/Sect[7]/L/LI/LBody", "Text": "Increase overall sales by 10%, and domestic US sales by 20%. ", "TextSize": 12.0}, {"Bounds": [143.9980010986328, 619.3800048828125, 157.0131378173828, 635.3520050048828], "Font": {"alt_family_name": "Arial", "embedded": true, "encoding": "Identity-H", "family_name": "Arial MT", "font_type": "CIDFontType2", "italic": false, "monospaced": false, "name": "VGTFMF+ArialMT", "subset": true, "weight": 400}, "HasClip": false, "Page": 2, "Path": "//Document/Sect[7]/L/LI[2]/Lbl", "Text": "2. ", "TextSize": 12.0}, {"Bounds": [157.4980010986328, 619.3800048828125, 368.24195861816406, 635.3520050048828], "Font": {"alt_family_name": "Arial", "embedded": true, "encoding": "MacRomanEncoding", "family_name": "Arial MT", "font_type": "TrueType", "italic": false, "monospaced": false, "name": "TRKQGS+ArialMT", "subset": true, "weight": 400}, "HasClip": false, "Page": 2, "Path": "//Document/Sect[7]/L/LI[2]/LBody", "Text": "Increase gross margin to 25% or more. ", "TextSize": 12.0}, {"Bounds": [143.9980010986328, 605.4600067138672, 157.0131378173828, 621.4320068359375], "Font": {"alt_family_name": "Arial", "embedded": true, "encoding": "Identity-H", "family_name": "Arial MT", "font_type": "CIDFontType2", "italic": false, "monospaced": false, "name": "VGTFMF+ArialMT", "subset": true, "weight": 400}, "HasClip": false, "Page": 2, "Path": "//Document/Sect[7]/L/LI[3]/Lbl", "Text": "3. ", "TextSize": 12.0}, {"Bounds": [157.4980010986328, 605.4600067138672, 336.92327880859375, 621.4320068359375], "Font": {"alt_family_name": "Arial", "embedded": true, "encoding": "MacRomanEncoding", "family_name": "Arial MT", "font_type": "TrueType", "italic": false, "monospaced": false, "name": "TRKQGS+ArialMT", "subset": true, "weight": 400}, "HasClip": false, "Page": 2, "Path": "//Document/Sect[7]/L/LI[3]/LBody", "Text": "Increase company sales by 25%. ", "TextSize": 12.0}, {"Bounds": [144.0, 577.2480010986328, 227.3759765625, 593.8919982910156], "ClipBounds": [144.0, 577.2480010986328, 227.3759765625, 593.8919982910156], "Font": {"alt_family_name": "Arial", "embedded": true, "encoding": "MacRomanEncoding", "family_name": "Arial", "font_type": "TrueType", "italic": false, "monospaced": false, "name": "SNOCBW+Arial-BoldMT", "subset": true, "weight": 700}, "HasClip": true, "Lang": "en", "Page": 2, "Path": "//Document/Sect[8]/H1", "Text": "Tactical Plans ", "TextSize": 12.0}, {"Bounds": [144.0, 536.5800018310547, 537.5663452148438, 580.1519927978516], "ClipBounds": [144.0, 536.5800018310547, 537.5663452148438, 580.1519927978516], "Font": {"alt_family_name": "Arial", "embedded": true, "encoding": "MacRomanEncoding", "family_name": "Arial MT", "font_type": "TrueType", "italic": false, "monospaced": false, "name": "TRKQGS+ArialMT", "subset": true, "weight": 400}, "HasClip": true, "Lang": "en", "Page": 2, "Path": "//Document/Sect[8]/P", "Text": "Marketing efforts will include updates to our website, a new advertising campaign focusing on our story, and in-person coupons distributed by the company\u2019s street team in 6 international cities. ", "TextSize": 12.0}, {"Bounds": [144.0, 508.3679962158203, 411.3811950683594, 525.0119934082031], "ClipBounds": [144.0, 508.3679962158203, 411.3811950683594, 525.0119934082031], "Font": {"alt_family_name": "Arial", "embedded": true, "encoding": "MacRomanEncoding", "family_name": "Arial", "font_type": "TrueType", "italic": false, "monospaced": false, "name": "SNOCBW+Arial-BoldMT", "subset": true, "weight": 700}, "HasClip": true, "Lang": "en", "Page": 2, "Path": "//Document/Sect[9]/H1", "Text": "Marketing Effort 1: Company Website Updates ", "TextSize": 12.0}, {"Bounds": [144.0, 453.7799987792969, 544.1649322509766, 511.03199768066406], "ClipBounds": [144.0, 453.7799987792969, 544.1649322509766, 511.03199768066406], "Font": {"alt_family_name": "Arial", "embedded": true, "encoding": "MacRomanEncoding", "family_name": "Arial MT", "font_type": "TrueType", "italic": false, "monospaced": false, "name": "TRKQGS+ArialMT", "subset": true, "weight": 400}, "HasClip": true, "Lang": "en", "Page": 2, "Path": "//Document/Sect[9]/P", "Text": "The company will re-launch its website with a completely new design in Q2 of 2016. The Web Team will collect data and updates from the B/U\u2019s, plant engineers and marketing department for semi-monthly updates to the site. Updates will include info on events. ", "TextSize": 12.0, "attributes": {"LineHeight": 13.75, "TextAlign": "Justify"}}, {"Bounds": [144.0, 425.5679931640625, 322.7075958251953, 442.2120056152344], "ClipBounds": [144.0, 425.5679931640625, 322.7075958251953, 442.2120056152344], "Font": {"alt_family_name": "Arial", "embedded": true, "encoding": "MacRomanEncoding", "family_name": "Arial", "font_type": "TrueType", "italic": false, "monospaced": false, "name": "SNOCBW+Arial-BoldMT", "subset": true, "weight": 700}, "HasClip": true, "Lang": "en", "Page": 2, "Path": "//Document/Sect[10]/H1", "Text": "Marketing Effort 2: Advertising ", "TextSize": 12.0}, {"Bounds": [144.0, 357.05999755859375, 544.849365234375, 428.23199462890625], "ClipBounds": [144.0, 357.05999755859375, 544.849365234375, 428.23199462890625], "Font": {"alt_family_name": "Arial", "embedded": true, "encoding": "MacRomanEncoding", "family_name": "Arial MT", "font_type": "TrueType", "italic": false, "monospaced": false, "name": "TRKQGS+ArialMT", "subset": true, "weight": 400}, "HasClip": true, "Lang": "en", "Page": 2, "Path": "//Document/Sect[10]/P", "Text": "The company will launch a multi-tiered marketing campaign messaging our green initiatives in Q2 of 2016. Print advertising in appropriate publications worldwide will be supplemented by a domestic on-air advertising campaign and strategically placed banner ads on lifestyle blogs and web sites. The campaigns will consist of the following: ", "TextSize": 12.0}, {"Bounds": [144.0, 328.84800720214844, 276.2243957519531, 345.49200439453125], "ClipBounds": [144.0, 328.84800720214844, 276.2243957519531, 345.49200439453125], "Font": {"alt_family_name": "Arial", "embedded": true, "encoding": "MacRomanEncoding", "family_name": "Arial", "font_type": "TrueType", "italic": false, "monospaced": false, "name": "SNOCBW+Arial-BoldMT", "subset": true, "weight": 700}, "HasClip": true, "Lang": "en", "Page": 2, "Path": "//Document/Sect[10]/P[2]", "Text": "\u2022 PRINT ADVERTISING ", "TextSize": 12.0}, {"Bounds": [153.0, 315.7799987792969, 520.5742950439453, 331.7519989013672], "ClipBounds": [153.0, 315.7799987792969, 520.5742950439453, 331.7519989013672], "Font": {"alt_family_name": "Arial", "embedded": true, "encoding": "MacRomanEncoding", "family_name": "Arial MT", "font_type": "TrueType", "italic": false, "monospaced": false, "name": "TRKQGS+ArialMT", "subset": true, "weight": 400}, "HasClip": true, "Lang": "en", "Page": 2, "Path": "//Document/Sect[10]/P[3]", "Text": "Series of 5 full-spread ads focusing on travel and outdoor adventure. ", "TextSize": 12.0}, {"Bounds": [144.0, 287.5679931640625, 282.8919982910156, 304.2120056152344], "ClipBounds": [144.0, 287.5679931640625, 282.8919982910156, 304.2120056152344], "Font": {"alt_family_name": "Arial", "embedded": true, "encoding": "MacRomanEncoding", "family_name": "Arial", "font_type": "TrueType", "italic": false, "monospaced": false, "name": "SNOCBW+Arial-BoldMT", "subset": true, "weight": 700}, "HasClip": true, "Lang": "en", "Page": 2, "Path": "//Document/Sect[10]/P[4]", "Text": "\u2022 ON-AIR ADVERTISING ", "TextSize": 12.0}, {"Bounds": [153.0, 260.5800018310547, 506.471923828125, 290.23199462890625], "ClipBounds": [153.0, 260.5800018310547, 506.471923828125, 290.23199462890625], "Font": {"alt_family_name": "Arial", "embedded": true, "encoding": "MacRomanEncoding", "family_name": "Arial MT", "font_type": "TrueType", "italic": false, "monospaced": false, "name": "TRKQGS+ArialMT", "subset": true, "weight": 400}, "HasClip": true, "Lang": "en", "Page": 2, "Path": "//Document/Sect[10]/P[5]", "Text": "Single 45 second company commercial, featuring Thomas Booker speaking candidly about the importance of adventure. ", "TextSize": 12.0}, {"Bounds": [144.0, 232.3679962158203, 298.2168884277344, 249.01199340820312], "ClipBounds": [144.0, 232.3679962158203, 298.2168884277344, 249.01199340820312], "Font": {"alt_family_name": "Arial", "embedded": true, "encoding": "MacRomanEncoding", "family_name": "Arial", "font_type": "TrueType", "italic": false, "monospaced": false, "name": "SNOCBW+Arial-BoldMT", "subset": true, "weight": 700}, "HasClip": true, "Lang": "en", "Page": 2, "Path": "//Document/Sect[10]/P[6]", "Text": "\u2022 INTERNET BANNER ADS ", "TextSize": 12.0}, {"Bounds": [153.0, 191.4600067138672, 543.19189453125, 235.03199768066406], "ClipBounds": [153.0, 191.4600067138672, 543.19189453125, 235.03199768066406], "Font": {"alt_family_name": "Arial", "embedded": true, "encoding": "MacRomanEncoding", "family_name": "Arial MT", "font_type": "TrueType", "italic": false, "monospaced": false, "name": "TRKQGS+ArialMT", "subset": true, "weight": 400}, "HasClip": true, "Lang": "en", "Page": 2, "Path": "//Document/Sect[10]/P[7]", "Text": "Series of 10 banner ads, focusing on new adventures and travel. Ads will have a click-through to a coupon good for a discounted trip (amount of discount TBD). ", "TextSize": 12.0, "attributes": {"SpaceAfter": 18}}, {"Bounds": [144.0, 646.3679962158203, 383.3757781982422, 663.0119934082031], "ClipBounds": [144.0, 646.3679962158203, 383.3757781982422, 663.0119934082031], "Font": {"alt_family_name": "Arial", "embedded": true, "encoding": "MacRomanEncoding", "family_name": "Arial", "font_type": "TrueType", "italic": false, "monospaced": false, "name": "SNOCBW+Arial-BoldMT", "subset": true, "weight": 700}, "HasClip": true, "Lang": "en", "Page": 3, "Path": "//Document/Sect[11]/H1", "Text": "Marketing Effort 3: Company Street Team ", "TextSize": 12.0}, {"Bounds": [144.0, 577.8600006103516, 552.2305145263672, 649.0319976806641], "ClipBounds": [144.0, 577.8600006103516, 552.2305145263672, 649.0319976806641], "Font": {"alt_family_name": "Arial", "embedded": true, "encoding": "MacRomanEncoding", "family_name": "Arial MT", "font_type": "TrueType", "italic": false, "monospaced": false, "name": "TRKQGS+ArialMT", "subset": true, "weight": 400}, "HasClip": true, "Lang": "en", "Page": 3, "Path": "//Document/Sect[11]/P", "Text": "We are in the process of hiring \u201cstreet teams\u201d of 10-12 people in Los Angeles, New York, London, Berlin, Hong Kong, and Tokyo. These teams will scout locations frequented by our target market consumers in those cities, and distribute branded gear to potential consumers.  The Street Team will be active for approximately 2 weeks in Q2 of 2015. ", "TextSize": 12.0}, {"Bounds": [144.0, 549.6479949951172, 310.0415954589844, 566.2920074462891], "ClipBounds": [144.0, 549.6479949951172, 310.0415954589844, 566.2920074462891], "Font": {"alt_family_name": "Arial", "embedded": true, "encoding": "MacRomanEncoding", "family_name": "Arial", "font_type": "TrueType", "italic": false, "monospaced": false, "name": "SNOCBW+Arial-BoldMT", "subset": true, "weight": 700}, "HasClip": true, "Lang": "en", "Page": 3, "Path": "//Document/Sect[12]/H1", "Text": "Advertising Budget (by Geo) ", "TextSize": 12.0}, {"Bounds": [144.0, 467.4600067138672, 549.5787811279297, 552.552001953125], "ClipBounds": [144.0, 467.4600067138672, 549.5787811279297, 552.552001953125], "Font": {"alt_family_name": "Arial", "embedded": true, "encoding": "MacRomanEncoding", "family_name": "Arial MT", "font_type": "TrueType", "italic": false, "monospaced": false, "name": "TRKQGS+ArialMT", "subset": true, "weight": 400}, "HasClip": true, "Lang": "en", "Page": 3, "Path": "//Document/Sect[12]/P", "Text": "Our company has a very aggressive print and broadcast schedule slated for 2015. Based on the company\u2019s past advertising models, and our current position in the travel industry, we will raise advertising spending 18%, with expectations of raising total quarterly sales over $285,000. Using this marketing plan we can realistically plan to achieve an 11% profit margin by year\u2019s end. ", "TextSize": 12.0}, {"Bounds": [144.0, 439.2480010986328, 242.71917724609375, 455.8919982910156], "ClipBounds": [144.0, 439.2480010986328, 242.71917724609375, 455.8919982910156], "Font": {"alt_family_name": "Arial", "embedded": true, "encoding": "MacRomanEncoding", "family_name": "Arial", "font_type": "TrueType", "italic": false, "monospaced": false, "name": "SNOCBW+Arial-BoldMT", "subset": true, "weight": 700}, "HasClip": true, "Lang": "en", "Page": 3, "Path": "//Document/Sect[13]/H1", "Text": "Keys to Success ", "TextSize": 12.0}, {"Bounds": [144.0, 343.3800048828125, 556.2000732421875, 442.15199279785156], "ClipBounds": [144.0, 343.3800048828125, 556.2000732421875, 442.15199279785156], "Font": {"alt_family_name": "Arial", "embedded": true, "encoding": "MacRomanEncoding", "family_name": "Arial MT", "font_type": "TrueType", "italic": false, "monospaced": false, "name": "TRKQGS+ArialMT", "subset": true, "weight": 400}, "HasClip": true, "Lang": "en", "Page": 3, "Path": "//Document/Sect[13]/P", "Text": "Our main key to success in these effort will be to sincerely present the benefits of outdoor adventure travel to our customers. We need to make sure that our story is compelling enough to be repeated, allowing word of mouth from our current consumers to bring in new ones. We must convince the public that our organization is a driving force for positive change; and by purchasing through our company, the consumer is joining a movement towards a more responsible marketplace. ", "TextSize": 12.0}, {"Bounds": [144.0, 315.1679992675781, 254.028076171875, 331.81199645996094], "ClipBounds": [144.0, 315.1679992675781, 254.028076171875, 331.81199645996094], "Font": {"alt_family_name": "Arial", "embedded": true, "encoding": "MacRomanEncoding", "family_name": "Arial", "font_type": "TrueType", "italic": false, "monospaced": false, "name": "SNOCBW+Arial-BoldMT", "subset": true, "weight": 700}, "HasClip": true, "Lang": "en", "Page": 3, "Path": "//Document/Sect[14]/H1", "Text": "Measuring Results ", "TextSize": 12.0}, {"Bounds": [144.0, 260.5800018310547, 548.9150238037109, 317.8320007324219], "ClipBounds": [144.0, 260.5800018310547, 548.9150238037109, 317.8320007324219], "Font": {"alt_family_name": "Arial", "embedded": true, "encoding": "MacRomanEncoding", "family_name": "Arial MT", "font_type": "TrueType", "italic": false, "monospaced": false, "name": "TRKQGS+ArialMT", "subset": true, "weight": 400}, "HasClip": true, "Lang": "en", "Page": 3, "Path": "//Document/Sect[14]/P", "Text": "By Q1 of 2016, the company should conduct a thorough analysis of sales to determine the effectiveness of our marketing campaign by Geo. A revised initiative should be determined at that time to further increase sales in any markets experiencing steady or declined sales. ", "TextSize": 12.0, "attributes": {"SpaceAfter": 18}}], "pages": [{"boxes": {"CropBox": [0.0, 0.0, 612.0, 792.0], "MediaBox": [0.0, 0.0, 612.0, 792.0]}, "height": 792.0, "is_scanned": false, "page_number": 0, "rotation": 0, "width": 612.0}, {"boxes": {"CropBox": [0.0, 0.0, 612.0, 792.0], "MediaBox": [0.0, 0.0, 612.0, 792.0]}, "height": 792.0, "is_scanned": false, "page_number": 1, "rotation": 0, "width": 612.0}, {"boxes": {"CropBox": [0.0, 0.0, 612.0, 792.0], "MediaBox": [0.0, 0.0, 612.0, 792.0]}, "height": 792.0, "is_scanned": false, "page_number": 2, "rotation": 0, "width": 612.0}, {"boxes": {"CropBox": [0.0, 0.0, 612.0, 792.0], "MediaBox": [0.0, 0.0, 612.0, 792.0]}, "height": 792.0, "is_scanned": false, "page_number": 3, "rotation": 0, "width": 612.0}]}