{"version": {"json_export": "185", "page_segmentation": "5", "schema": "1.1.0", "structure": "1.1022.0", "table_structure": "5"}, "extended_metadata": {"ID_instance": "CF FC D7 26 23 B7 B2 11 0A 00 67 45 8B 6B C6 23 ", "ID_permanent": "38 34 20 41 42 20 43 44 20 32 36 20 32 33 20 42 37 20 42 32 20 31 31 20 30 41 20 30 30 20 36 37 20 34 35 20 38 42 20 36 42 20 43 36 20 32 33 20 ", "pdf_version": "1.6", "pdfa_compliance_level": "", "is_encrypted": false, "has_acroform": false, "is_digitally_signed": false, "pdfua_compliance_level": "", "page_count": 4, "has_embedded_files": false, "is_certified": false, "is_XFA": false, "language": "en"}, "elements": [{"Bounds": [145.9199981689453, 657.0050048828125, 469.9139404296875, 674.9450073242188], "Font": {"alt_family_name": "* Times New Roman", "embedded": true, "encoding": "Identity-H", "family_name": "* Times New Roman", "font_type": "CIDFontType0", "italic": false, "monospaced": false, "name": "*Times New Roman-Bold-4096", "subset": false, "weight": 700}, "HasClip": false, "Lang": "en", "Page": 0, "Path": "//Document/Title", "Text": "MARKET SUMMARY & PLAN ", "TextSize": 23.0, "attributes": {"LineHeight": 27.625}}, {"Bounds": [145.44000244140625, 635.6439971923828, 304.69544982910156, 649.1119995117188], "Font": {"alt_family_name": "* Arial", "embedded": true, "encoding": "Identity-H", "family_name": "* Arial", "font_type": "CIDFontType0", "italic": false, "monospaced": false, "name": "*Arial-4100", "subset": false, "weight": 400}, "HasClip": false, "Lang": "en", "Page": 0, "Path": "//Document/H1", "Text": "Industry Marketing Vision ", "TextSize": 14.0, "attributes": {"LineHeight": 16.75, "SpaceAfter": 13.25}}, {"Bounds": [144.9600067138672, 608.5200042724609, 260.75999450683594, 620.0399932861328], "Font": {"alt_family_name": "* Arial", "embedded": true, "encoding": "Identity-H", "family_name": "* Arial", "font_type": "CIDFontType0", "italic": false, "monospaced": false, "name": "*Arial-Bold-4099", "subset": false, "weight": 700}, "HasClip": false, "Lang": "en", "Page": 0, "Path": "//Document/H1[2]", "Text": "Executive Summary ", "TextSize": 12.0, "attributes": {"LineHeight": 14.375}}, {"Bounds": [144.47999572753906, 525.6959991455078, 542.5966796875, 606.3600006103516], "Font": {"alt_family_name": "* Arial", "embedded": true, "encoding": "Identity-H", "family_name": "* Arial", "font_type": "CIDFontType0", "italic": false, "monospaced": false, "name": "*Arial-4098", "subset": false, "weight": 400}, "HasClip": false, "Lang": "en", "Page": 0, "Path": "//Document/P", "Text": "Our new marketing plan, outlined in this document, focuses on renewing both our relevance and appeal to our key targets through the integration of our environmental story. We are responding directly to our customers needs in this initiative-they have noted in both our company-conducted and independent research that our organization's green values are becoming increasingly relevant to their purchase decisions. ", "TextSize": 12.0, "attributes": {"LineHeight": 13.875, "SpaceAfter": 13.625}}, {"Bounds": [144.0, 428.8560028076172, 533.7649688720703, 509.75999450683594], "Font": {"alt_family_name": "* Arial", "embedded": true, "encoding": "Identity-H", "family_name": "* Arial", "font_type": "CIDFontType0", "italic": false, "monospaced": false, "name": "*Arial-4098", "subset": false, "weight": 400}, "HasClip": false, "Lang": "en", "Page": 0, "Path": "//Document/P[2]", "Text": "In the crowded travel marketplace, we can differentiate our company through the quality and sustainability of our adventure options and the responsible manner in which our trips are created and brought to market. Our marketing challenge is to present our adventure travel story to new and existing customers in an efficient and targeted campaign that raises our ROI through increased sales. ", "TextSize": 12.0, "attributes": {"LineHeight": 13.875, "SpaceAfter": 13}}, {"Bounds": [144.47999572753906, 401.3040008544922, 207.2609100341797, 412.8240051269531], "Font": {"alt_family_name": "* Arial", "embedded": true, "encoding": "Identity-H", "family_name": "* Arial", "font_type": "CIDFontType0", "italic": false, "monospaced": false, "name": "*Arial-Bold-4099", "subset": false, "weight": 700}, "HasClip": false, "Lang": "en", "Page": 0, "Path": "//Document/H1[3]", "Text": "Our Vision ", "TextSize": 12.0, "attributes": {"LineHeight": 14.375}}, {"Bounds": [144.0, 277.29539489746094, 524.0145416259766, 399.2879943847656], "Font": {"alt_family_name": "* Arial", "embedded": true, "encoding": "Identity-H", "family_name": "* Arial", "font_type": "CIDFontType0", "italic": false, "monospaced": false, "name": "*Arial-4098", "subset": false, "weight": 400}, "HasClip": false, "Lang": "en", "Page": 0, "Path": "//Document/P[3]", "Text": "The company vision is to produce the highest quality travel experience available in ways that won't harm the Earth. Since our start in 2006, we have led the way for our industry in our agreements with engineers, stringent standards for our raw materials, and our corporate policies on recycling and conservation. We've now applied the very same green philosophy to our Southern California Facility & Headquarters. This serves as a tangible example of the organization's environmental commitment and demonstrates the value of green building to its customers, shareholders and business leaders worldwide. ", "TextSize": 12.0, "attributes": {"LineHeight": 13.875, "SpaceAfter": 13.75}}, {"Bounds": [144.0, 194.31539916992188, 515.7743988037109, 261.23939514160156], "Font": {"alt_family_name": "* Arial", "embedded": true, "encoding": "Identity-H", "family_name": "* Arial", "font_type": "CIDFontType0", "italic": false, "monospaced": false, "name": "*Arial-4098", "subset": false, "weight": 400}, "HasClip": false, "Lang": "en", "Page": 0, "Path": "//Document/P[4]", "Text": "We want our customers to feel good about where they travel. We've worked to minimize the downside of our consumer culture: emissions, environmentally irresponsible business practices, and lower quality experiences in the market. Our company ethics are to do good for the people travelling with us. ", "TextSize": 12.0, "attributes": {"LineHeight": 13.875, "SpaceAfter": 18}}, {"Bounds": [144.47999572753906, 648.6000061035156, 226.2246856689453, 660.1199951171875], "Font": {"alt_family_name": "* Arial", "embedded": true, "encoding": "Identity-H", "family_name": "* Arial", "font_type": "CIDFontType0", "italic": false, "monospaced": false, "name": "*Arial-Bold-7169", "subset": false, "weight": 700}, "HasClip": false, "Lang": "en", "Page": 1, "Path": "//Document/H1[4]", "Text": "Target Market ", "TextSize": 12.0, "attributes": {"LineHeight": 14.375}}, {"Bounds": [144.4080047607422, 579.2754058837891, 551.6896057128906, 646.7400054931641], "Font": {"alt_family_name": "* Arial", "embedded": true, "encoding": "Identity-H", "family_name": "* Arial", "font_type": "CIDFontType0", "italic": false, "monospaced": false, "name": "*Arial-7168", "subset": false, "weight": 400}, "HasClip": false, "Lang": "en", "Page": 1, "Path": "//Document/P[5]", "Text": "Our company's target market is the hip, urban professional, 20s to 30s, worldwide. They work hard and play hard, and like to contrast their working life with challenging outdoor travel adventures. They are environmentally aware and interested in making a difference. They have sophisticated tastes and humor, but are not frivolous in their lifestyles or purchases. ", "TextSize": 12.0, "attributes": {"LineHeight": 13.875, "SpaceAfter": 13.25}}, {"Bounds": [144.48240661621094, 551.639404296875, 268.7532043457031, 563.1593933105469], "Font": {"alt_family_name": "* Arial", "embedded": true, "encoding": "Identity-H", "family_name": "* Arial", "font_type": "CIDFontType0", "italic": false, "monospaced": false, "name": "*Arial-Bold-7169", "subset": false, "weight": 700}, "HasClip": false, "Lang": "en", "Page": 1, "Path": "//Document/H1[5]", "Text": "Competitive Analysis ", "TextSize": 12.0, "attributes": {"LineHeight": 14.375}}, {"Bounds": [144.48240661621094, 468.8513946533203, 552.2164459228516, 550.1994018554688], "Font": {"alt_family_name": "* Arial", "embedded": true, "encoding": "Identity-H", "family_name": "* Arial", "font_type": "CIDFontType0", "italic": false, "monospaced": false, "name": "*Arial-7168", "subset": false, "weight": 400}, "HasClip": false, "Lang": "en", "Page": 1, "Path": "//Document/P[6]", "Text": "Our company's market share in the travel industry has been steadily increasing since the introduction of our company in 2011, and currently hovers around approximately 15% of US sales, 10% of European sales, and 7% of Asian sales. We do believe, however, that increased marketing efforts are needed to maintain this growth, due to ever-increasing competition from other travel brands. ", "TextSize": 12.0, "attributes": {"LineHeight": 13.875, "SpaceAfter": 18}}, {"Bounds": [0.0, 0.0, 612.0, 792.0], "ClipBounds": [162.58299255371094, 182.4149932861328, 484.66998291015625, 435.864990234375], "Page": 1, "Path": "//Document/Figure", "attributes": {"BBox": [162.83299999999872, 182.6649999999936, 484.41999999999825, 435.6149999999907], "Placement": "Block"}}, {"Bounds": [144.9600067138672, 648.5673065185547, 268.1188507080078, 660.5072937011719], "Font": {"alt_family_name": "* Arial", "embedded": true, "encoding": "Identity-H", "family_name": "* Arial", "font_type": "CIDFontType0", "italic": false, "monospaced": false, "name": "*Arial-Bold-11357", "subset": false, "weight": 700}, "HasClip": false, "Lang": "en", "Page": 2, "Path": "//Document/H1[6]", "Text": "Marketing Objectives ", "TextSize": 12.0, "attributes": {"LineHeight": 14.375}}, {"Bounds": [145.44000244140625, 634.4759979248047, 157.01666259765625, 646.1999969482422], "Font": {"alt_family_name": "* Arial", "embedded": true, "encoding": "Identity-H", "family_name": "* Arial", "font_type": "CIDFontType0", "italic": false, "monospaced": false, "name": "*Arial-11356", "subset": false, "weight": 400}, "HasClip": false, "Page": 2, "Path": "//Document/L/LI/Lbl", "Text": "1. ", "TextSize": 12.0}, {"Bounds": [158.8800048828125, 634.4759979248047, 495.46788024902344, 646.1999969482422], "Font": {"alt_family_name": "* Arial", "embedded": true, "encoding": "Identity-H", "family_name": "* Arial", "font_type": "CIDFontType0", "italic": false, "monospaced": false, "name": "*Arial-11356", "subset": false, "weight": 400}, "HasClip": false, "Page": 2, "Path": "//Document/L/LI/LBody", "Text": "Increase overall sales by 10%, and domestic US sales by 20%. ", "TextSize": 12.0}, {"Bounds": [144.24000549316406, 620.5559997558594, 156.4906768798828, 632.2799987792969], "Font": {"alt_family_name": "* Arial", "embedded": true, "encoding": "Identity-H", "family_name": "* Arial", "font_type": "CIDFontType0", "italic": false, "monospaced": false, "name": "*Arial-11356", "subset": false, "weight": 400}, "HasClip": false, "Page": 2, "Path": "//Document/L/LI[2]/Lbl", "Text": "2. ", "TextSize": 12.0}, {"Bounds": [158.8800048828125, 620.5559997558594, 367.31544494628906, 632.2799987792969], "Font": {"alt_family_name": "* Arial", "embedded": true, "encoding": "Identity-H", "family_name": "* Arial", "font_type": "CIDFontType0", "italic": false, "monospaced": false, "name": "*Arial-11356", "subset": false, "weight": 400}, "HasClip": false, "Page": 2, "Path": "//Document/L/LI[2]/LBody", "Text": "Increase gross margin to 25% or more. ", "TextSize": 12.0}, {"Bounds": [144.47999572753906, 606.7920074462891, 156.4486846923828, 618.5160064697266], "Font": {"alt_family_name": "* Arial", "embedded": true, "encoding": "Identity-H", "family_name": "* Arial", "font_type": "CIDFontType0", "italic": false, "monospaced": false, "name": "*Arial-11356", "subset": false, "weight": 400}, "HasClip": false, "Page": 2, "Path": "//Document/L/LI[3]/Lbl", "Text": "3. ", "TextSize": 12.0}, {"Bounds": [158.8800048828125, 606.7920074462891, 336.0961608886719, 618.5160064697266], "Font": {"alt_family_name": "* Arial", "embedded": true, "encoding": "Identity-H", "family_name": "* Arial", "font_type": "CIDFontType0", "italic": false, "monospaced": false, "name": "*Arial-11356", "subset": false, "weight": 400}, "HasClip": false, "Page": 2, "Path": "//Document/L/LI[3]/LBody", "Text": "Increase company sales by 25%. ", "TextSize": 12.0}, {"Bounds": [144.24000549316406, 579.2400054931641, 227.2153778076172, 591.1799926757812], "Font": {"alt_family_name": "* Arial", "embedded": true, "encoding": "Identity-H", "family_name": "* Arial", "font_type": "CIDFontType0", "italic": false, "monospaced": false, "name": "*Arial-Bold-11357", "subset": false, "weight": 700}, "HasClip": false, "Lang": "en", "Page": 2, "Path": "//Document/H1[7]", "Text": "Tactical Plans ", "TextSize": 12.0, "attributes": {"LineHeight": 14.375}}, {"Bounds": [144.1439971923828, 537.9360046386719, 537.659912109375, 577.3200073242188], "Font": {"alt_family_name": "* Arial", "embedded": true, "encoding": "Identity-H", "family_name": "* Arial", "font_type": "CIDFontType0", "italic": false, "monospaced": false, "name": "*Arial-11356", "subset": false, "weight": 400}, "HasClip": false, "Lang": "en", "Page": 2, "Path": "//Document/P[7]", "Text": "Marketing efforts will include updates to our website, a new advertising campaign focusing on our story, and in-person coupons distributed by the company's street team in 6 international cities. ", "TextSize": 12.0, "attributes": {"LineHeight": 13.75, "SpaceAfter": 13.375}}, {"Bounds": [144.9600067138672, 510.46800231933594, 411.2306365966797, 522.4080047607422], "Font": {"alt_family_name": "* Arial", "embedded": true, "encoding": "Identity-H", "family_name": "* Arial", "font_type": "CIDFontType0", "italic": false, "monospaced": false, "name": "*Arial-Bold-11357", "subset": false, "weight": 700}, "HasClip": false, "Lang": "en", "Page": 2, "Path": "//Document/H1[8]", "Text": "Marketing Effort 1: Company Website Updates ", "TextSize": 12.0, "attributes": {"LineHeight": 14.375}}, {"Bounds": [144.0, 454.9586944580078, 544.1400604248047, 508.08270263671875], "Font": {"alt_family_name": "* Arial", "embedded": true, "encoding": "Identity-H", "family_name": "* Arial", "font_type": "CIDFontType0", "italic": false, "monospaced": false, "name": "*Arial-11356", "subset": false, "weight": 400}, "HasClip": false, "Lang": "en", "Page": 2, "Path": "//Document/P[8]", "Text": "The company will re-launch its website with a completely new design in Q2 of 2016. The Web Team will collect data and updates from the B/U's, plant engineers and marketing department for semi-monthly updates to the site. Updates will include info on events. ", "TextSize": 12.0, "attributes": {"LineHeight": 13.75, "SpaceAfter": 13.125}}, {"Bounds": [144.9600067138672, 427.6826934814453, 322.25982666015625, 439.62269592285156], "Font": {"alt_family_name": "* Arial", "embedded": true, "encoding": "Identity-H", "family_name": "* Arial", "font_type": "CIDFontType0", "italic": false, "monospaced": false, "name": "*Arial-Bold-11357", "subset": false, "weight": 700}, "HasClip": false, "Lang": "en", "Page": 2, "Path": "//Document/H1[9]", "Text": "Marketing Effort 2: Advertising ", "TextSize": 12.0, "attributes": {"LineHeight": 14.375}}, {"Bounds": [144.0, 358.2095947265625, 545.4429779052734, 425.2227020263672], "Font": {"alt_family_name": "* Arial", "embedded": true, "encoding": "Identity-H", "family_name": "* Arial", "font_type": "CIDFontType0", "italic": false, "monospaced": false, "name": "*Arial-11356", "subset": false, "weight": 400}, "HasClip": false, "Lang": "en", "Page": 2, "Path": "//Document/P[9]", "Text": "The company will launch a multi-tiered marketing campaign messaging our green initiatives in Q2 of 2016. Print advertising in appropriate publications worldwide will be supplemented by a domestic on-air advertising campaign and strategically placed banner ads on lifestyle biogs and web sites. The campaigns will consist of the following: ", "TextSize": 12.0, "attributes": {"LineHeight": 13.75, "SpaceAfter": 13.25}}, {"Bounds": [144.24000549316406, 330.8399963378906, 275.7897186279297, 342.8399963378906], "Font": {"alt_family_name": "* Arial", "embedded": true, "encoding": "Identity-H", "family_name": "* Arial", "font_type": "CIDFontType0", "italic": false, "monospaced": false, "name": "*Arial-Bold-11357", "subset": false, "weight": 700}, "HasClip": false, "Lang": "en", "Page": 2, "Path": "//Document/P[10]", "Text": "\u2022 PRINT ADVERTISING ", "TextSize": 12.0, "attributes": {"LineHeight": 14.375}}, {"Bounds": [153.35879516601562, 316.89599609375, 519.5159149169922, 328.67999267578125], "Font": {"alt_family_name": "* Arial", "embedded": true, "encoding": "Identity-H", "family_name": "* Arial", "font_type": "CIDFontType0", "italic": false, "monospaced": false, "name": "*Arial-11356", "subset": false, "weight": 400}, "HasClip": false, "Lang": "en", "Page": 2, "Path": "//Document/P[11]", "Text": "Series of 5 full-spread ads focusing on travel and outdoor adventure. ", "TextSize": 12.0, "attributes": {"LineHeight": 14.375, "SpaceAfter": 13.25}}, {"Bounds": [144.24000549316406, 289.6071014404297, 282.49278259277344, 301.6071014404297], "Font": {"alt_family_name": "* Arial", "embedded": true, "encoding": "Identity-H", "family_name": "* Arial", "font_type": "CIDFontType0", "italic": false, "monospaced": false, "name": "*Arial-Bold-11357", "subset": false, "weight": 700}, "HasClip": false, "Lang": "en", "Page": 2, "Path": "//Document/P[12]", "Text": "\u2022 ON-AIR ADVERTISING ", "TextSize": 12.0, "attributes": {"LineHeight": 14.375}}, {"Bounds": [153.36000061035156, 261.5151062011719, 507.6484069824219, 287.09910583496094], "Font": {"alt_family_name": "* Arial", "embedded": true, "encoding": "Identity-H", "family_name": "* Arial", "font_type": "CIDFontType0", "italic": false, "monospaced": false, "name": "*Arial-11356", "subset": false, "weight": 400}, "HasClip": false, "Page": 2, "Path": "//Document/L[2]/LI/LBody", "Text": "Single 45 second company commercial, featuring Thomas Booker speaking candidly about the importance of adventure. ", "TextSize": 12.0}, {"Bounds": [144.47999572753906, 234.3332977294922, 298.06773376464844, 246.27330017089844], "Font": {"alt_family_name": "* Arial", "embedded": true, "encoding": "Identity-H", "family_name": "* Arial", "font_type": "CIDFontType0", "italic": false, "monospaced": false, "name": "*Arial-Bold-11357", "subset": false, "weight": 700}, "HasClip": false, "Lang": "en", "Page": 2, "Path": "//Document/P[13]", "Text": "\u2022 INTERNET BANNER ADS ", "TextSize": 12.0, "attributes": {"LineHeight": 14.375}}, {"Bounds": [153.36000061035156, 192.52830505371094, 543.1500701904297, 231.7653045654297], "Font": {"alt_family_name": "* Arial", "embedded": true, "encoding": "Identity-H", "family_name": "* Arial", "font_type": "CIDFontType0", "italic": false, "monospaced": false, "name": "*Arial-11356", "subset": false, "weight": 400}, "HasClip": false, "Lang": "en", "Page": 2, "Path": "//Document/P[14]", "Text": "Series of 10 banner ads, focusing on new adventures and travel. Ads will have a click-through to a coupon good for a discounted trip (amount of discount TBD). ", "TextSize": 12.0, "attributes": {"LineHeight": 13.75, "SpaceAfter": 18}}, {"Bounds": [144.9600067138672, 648.5771942138672, 383.22557067871094, 660.5171966552734], "Font": {"alt_family_name": "* Arial", "embedded": true, "encoding": "Identity-H", "family_name": "* Arial", "font_type": "CIDFontType0", "italic": false, "monospaced": false, "name": "*Arial-Bold-15721", "subset": false, "weight": 700}, "HasClip": false, "Lang": "en", "Page": 3, "Path": "//Document/H1[10]", "Text": "Marketing Effort 3: Company Street Team ", "TextSize": 12.0, "attributes": {"LineHeight": 14.375}}, {"Bounds": [144.0, 579.0686950683594, 552.0897064208984, 646.3451995849609], "Font": {"alt_family_name": "* Arial", "embedded": true, "encoding": "Identity-H", "family_name": "* Arial", "font_type": "CIDFontType0", "italic": false, "monospaced": false, "name": "*Arial-15720", "subset": false, "weight": 400}, "HasClip": false, "Lang": "en", "Page": 3, "Path": "//Document/P[15]", "Text": "We are in the process of hiring \"street teams\" of 10-12 people in Los Angeles, New York, London, Berlin, Hong Kong, and Tokyo. These teams will scout locations frequented by our target market consumers in those cities, and distribute branded gear to potential consumers. The Street Team will be active for approximately 2 weeks in 02 of 2015. ", "TextSize": 12.0, "attributes": {"LineHeight": 13.875, "SpaceAfter": 13.25}}, {"Bounds": [144.0, 551.6367034912109, 309.7500915527344, 563.5767059326172], "Font": {"alt_family_name": "* Arial", "embedded": true, "encoding": "Identity-H", "family_name": "* Arial", "font_type": "CIDFontType0", "italic": false, "monospaced": false, "name": "*Arial-Bold-15721", "subset": false, "weight": 700}, "HasClip": false, "Lang": "en", "Page": 3, "Path": "//Document/H1[11]", "Text": "Advertising Budget (by Geo) ", "TextSize": 12.0, "attributes": {"LineHeight": 14.375}}, {"Bounds": [144.17999267578125, 468.6846008300781, 549.5372772216797, 549.8639984130859], "Font": {"alt_family_name": "* Arial", "embedded": true, "encoding": "Identity-H", "family_name": "* Arial", "font_type": "CIDFontType0", "italic": false, "monospaced": false, "name": "*Arial-15720", "subset": false, "weight": 400}, "HasClip": false, "Lang": "en", "Page": 3, "Path": "//Document/P[16]", "Text": "Our company has a very aggressive print and broadcast schedule slated for 2015. Based on the company's past advertising models, and our current position in the travel industry, we will raise advertising spending 18%, with expectations of raising total quarterly sales over $285,000. Using this marketing plan we can realistically plan to achieve an 11% profit margin by year's end. ", "TextSize": 12.0, "attributes": {"LineHeight": 13.875, "SpaceAfter": 13.125}}, {"Bounds": [144.9600067138672, 441.2406005859375, 242.75222778320312, 453.18060302734375], "Font": {"alt_family_name": "* Arial", "embedded": true, "encoding": "Identity-H", "family_name": "* Arial", "font_type": "CIDFontType0", "italic": false, "monospaced": false, "name": "*Arial-Bold-15721", "subset": false, "weight": 700}, "HasClip": false, "Lang": "en", "Page": 3, "Path": "//Document/H1[12]", "Text": "Keys to Success ", "TextSize": 12.0, "attributes": {"LineHeight": 14.375}}, {"Bounds": [144.0, 344.5628967285156, 556.3742980957031, 439.28460693359375], "Font": {"alt_family_name": "* Arial", "embedded": true, "encoding": "Identity-H", "family_name": "* Arial", "font_type": "CIDFontType0", "italic": false, "monospaced": false, "name": "*Arial-15720", "subset": false, "weight": 400}, "HasClip": false, "Lang": "en", "Page": 3, "Path": "//Document/P[17]", "Text": "Our main key to success in these effort will be to sincerely present the benefits of outdoor adventure travel to our customers. We need to make sure that our story is compelling enough to be repeated, allowing word of mouth from our current consumers to bring in new ones. We must convince the public that our organization is a driving force for positive change; and by purchasing through our company, the consumer is joining a movement towards a more responsible marketplace. ", "TextSize": 12.0, "attributes": {"LineHeight": 13.875, "SpaceAfter": 13.25}}, {"Bounds": [144.9600067138672, 317.1566925048828, 254.11964416503906, 329.09669494628906], "Font": {"alt_family_name": "* Arial", "embedded": true, "encoding": "Identity-H", "family_name": "* Arial", "font_type": "CIDFontType0", "italic": false, "monospaced": false, "name": "*Arial-Bold-15721", "subset": false, "weight": 700}, "HasClip": false, "Lang": "en", "Page": 3, "Path": "//Document/H1[13]", "Text": "Measuring Results ", "TextSize": 12.0, "attributes": {"LineHeight": 14.375}}, {"Bounds": [144.47999572753906, 261.5399932861328, 548.433837890625, 314.9040069580078], "Font": {"alt_family_name": "* Arial", "embedded": true, "encoding": "Identity-H", "family_name": "* Arial", "font_type": "CIDFontType0", "italic": false, "monospaced": false, "name": "*Arial-15720", "subset": false, "weight": 400}, "HasClip": false, "Lang": "en", "Page": 3, "Path": "//Document/P[18]", "Text": "By 01 of 2016, the company should conduct a thorough analysis of sales to determine the effectiveness of our marketing campaign by Geo. A revised initiative should be determined at that time to further increase sales in any markets experiencing steady or declined sales. ", "TextSize": 12.0, "attributes": {"LineHeight": 13.875, "SpaceAfter": 18}}], "pages": [{"boxes": {"CropBox": [0.0, 0.0, 612.0, 792.0], "MediaBox": [0.0, 0.0, 612.0, 792.0]}, "height": 792.0, "is_scanned": true, "page_number": 0, "rotation": 0, "width": 612.0}, {"boxes": {"CropBox": [0.0, 0.0, 612.0, 792.0], "MediaBox": [0.0, 0.0, 612.0, 792.0]}, "height": 792.0, "is_scanned": true, "page_number": 1, "rotation": 0, "width": 612.0}, {"boxes": {"CropBox": [0.0, 0.0, 612.0, 792.0], "MediaBox": [0.0, 0.0, 612.0, 792.0]}, "height": 792.0, "is_scanned": true, "page_number": 2, "rotation": 0, "width": 612.0}, {"boxes": {"CropBox": [0.0, 0.0, 612.0, 792.0], "MediaBox": [0.0, 0.0, 612.0, 792.0]}, "height": 792.0, "is_scanned": true, "page_number": 3, "rotation": 0, "width": 612.0}]}